Action & Adventure;Action & Adventure;859
Anime Features;Anime Features;21
Anime Series;Anime Series;176
British TV Shows;British TV Shows;253
Children & Family Movies;Children & Family Movies;605
Classic & Cult TV;Classic & Cult TV;22
Classic Movies;Classic Movies;80
Comedies;Comedies;1210
Crime TV Shows;Crime TV Shows;399
Cult Movies;Cult Movies;12
Documentaries;Documentaries;829
Docuseries;Docuseries;221
Dramas;Dramas;1600
Horror Movies;Horror Movies;275
Independent Movies;Independent Movies;20
International Movies;International Movies;128
International TV Shows;International TV Shows;774
Kids' TV;Kids' TV;388
LGBTQ Movies;LGBTQ Movies;1
Movies;Movies;57
Music & Musicals;Music & Musicals;18
Reality TV;Reality TV;120
Romantic Movies;Romantic Movies;3
Romantic TV Shows;Romantic TV Shows;32
Sci-Fi & Fantasy;Sci-Fi & Fantasy;13
Spanish-Language TV Shows;Spanish-Language TV Shows;2
Sports Movies;Sports Movies;1
Stand-Up Comedy;Stand-Up Comedy;334
Stand-Up Comedy & Talk Shows;Stand-Up Comedy & Talk Shows;34
TV Action & Adventure;TV Action & Adventure;40
TV Comedies;TV Comedies;120
TV Dramas;TV Dramas;67
TV Horror;TV Horror;11
TV Sci-Fi & Fantasy;TV Sci-Fi & Fantasy;1
TV Shows;TV Shows;16
Thrillers;Thrillers;65
Anime Features;Anime Features;50
Children & Family Movies;Children & Family Movies;32
Classic & Cult TV;Classic & Cult TV;6
Classic Movies;Classic Movies;30
Comedies;Comedies;452
Crime TV Shows;Crime TV Shows;71
Cult Movies;Cult Movies;45
Documentaries;Documentaries;39
Docuseries;Docuseries;153
Dramas;Dramas;758
Faith & Spirituality;Faith & Spirituality;54
Horror Movies;Horror Movies;75
Independent Movies;Independent Movies;576
International Movies;International Movies;1722
International TV Shows;International TV Shows;476
Kids' TV;Kids' TV;62
Korean TV Shows;Korean TV Shows;131
LGBTQ Movies;LGBTQ Movies;45
Music & Musicals;Music & Musicals;148
Reality TV;Reality TV;95
Romantic Movies;Romantic Movies;171
Romantic TV Shows;Romantic TV Shows;239
Sci-Fi & Fantasy;Sci-Fi & Fantasy;112
Science & Nature TV;Science & Nature TV;45
Spanish-Language TV Shows;Spanish-Language TV Shows;66
Sports Movies;Sports Movies;100
Stand-Up Comedy;Stand-Up Comedy;9
Stand-Up Comedy & Talk Shows;Stand-Up Comedy & Talk Shows;16
TV Action & Adventure;TV Action & Adventure;83
TV Comedies;TV Comedies;269
TV Dramas;TV Dramas;320
TV Horror;TV Horror;30
TV Mysteries;TV Mysteries;22
TV Sci-Fi & Fantasy;TV Sci-Fi & Fantasy;21
TV Thrillers;TV Thrillers;11
Teen TV Shows;Teen TV Shows;21
Thrillers;Thrillers;232
Children & Family Movies;Children & Family Movies;4
Classic Movies;Classic Movies;6
Comedies;Comedies;12
Cult Movies;Cult Movies;14
Documentaries;Documentaries;1
Docuseries;Docuseries;21
Dramas;Dramas;69
Faith & Spirituality;Faith & Spirituality;11
Horror Movies;Horror Movies;7
Independent Movies;Independent Movies;160
International Movies;International Movies;902
International TV Shows;International TV Shows;101
Kids' TV;Kids' TV;1
Korean TV Shows;Korean TV Shows;20
LGBTQ Movies;LGBTQ Movies;56
Music & Musicals;Music & Musicals;209
Reality TV;Reality TV;40
Romantic Movies;Romantic Movies;442
Romantic TV Shows;Romantic TV Shows;99
Sci-Fi & Fantasy;Sci-Fi & Fantasy;118
Science & Nature TV;Science & Nature TV;47
Spanish-Language TV Shows;Spanish-Language TV Shows;106
Sports Movies;Sports Movies;118
Stand-Up Comedy & Talk Shows;Stand-Up Comedy & Talk Shows;6
TV Action & Adventure;TV Action & Adventure;45
TV Comedies;TV Comedies;192
TV Dramas;TV Dramas;376
TV Horror;TV Horror;34
TV Mysteries;TV Mysteries;76
TV Sci-Fi & Fantasy;TV Sci-Fi & Fantasy;62
TV Thrillers;TV Thrillers;46
Teen TV Shows;Teen TV Shows;48
Thrillers;Thrillers;280
